accession,annotation,identity
XP_027274831,apolipoprotein A-I,27.0
XP_051042196,apolipoprotein A-I,27.0
XP_035301320,apolipoprotein A-I,27.0
XP_049999012,apolipoprotein A-I,24.0
XP_015347428,apolipoprotein A-I,24.0
XP_047409430,apolipoprotein A-I,24.0
XP_005348852,apolipoprotein A-I,24.0
XP_021576814,apolipoprotein A-I,24.0
XP_048308444,apolipoprotein A-I,25.0
XP_048308435,apolipoprotein A-I,25.0
XP_038205388,apolipoprotein A-I,24.0
XP_025716476,apolipoprotein A-I,23.0
XP_045017063,apolipoprotein A-I,24.0
XP_039102402,apolipoprotein A-I,22.0
XP_004407970,apolipoprotein A-I,24.0
XP_010991344,apolipoprotein A-I,23.0
XP_021537553,apolipoprotein A-I,24.0
XP_017533646,apolipoprotein A-I,24.0
XP_034865392,apolipoprotein A-I,25.0
XP_057626557,apolipoprotein A-I,24.0
XP_057626556,apolipoprotein A-I,24.0
XP_034865391,apolipoprotein A-I,25.0
XP_003415061,apolipoprotein A-I,22.0
XP_007945926,apolipoprotein A-I,24.0
XP_045839259,apolipoprotein A-I,24.0
KAK2497381,hypothetical protein/uncharacterized protein,24.0
XP_034865390,apolipoprotein A-I,25.0
XP_045311246,apolipoprotein A-I,22.0
XP_006174033,apolipoprotein A-I,23.0
XP_058558349,apolipoprotein A-I,22.0
XP_062959821,apolipoprotein A-I,24.0
XP_007093078,apolipoprotein A-I,22.0
XP_006744469,apolipoprotein A-I,24.0
XP_032253146,apolipoprotein A-I,24.0
XP_007112334,apolipoprotein A-I,24.0
XP_030896121,apolipoprotein A-I,24.0
XP_042831700,apolipoprotein A-I,22.0
XP_036778700,apolipoprotein A-I,23.0
XP_014931714,apolipoprotein A-I,22.0
XP_047696970,apolipoprotein A-I,22.0
NP_001300728,apolipoprotein A-I,23.0
XP_004448390,apolipoprotein A-I,25.0
XP_062049709,apolipoprotein A-I,23.0
XP_006215749,apolipoprotein A-I,22.0
XP_004390224,apolipoprotein A-I,22.0
XP_004688152,apolipoprotein A-I,23.0
XP_002715298,apolipoprotein A-I,23.0
XP_035957351,apolipoprotein A-I,24.0
XP_003999611,apolipoprotein A-I,21.0
XP_035957350,apolipoprotein A-I,24.0
XP_040308321,apolipoprotein A-I,23.0
XP_008578410,apolipoprotein A-I,23.0
XP_025842176,apolipoprotein A-I,23.0
XP_022346778,apolipoprotein A-I,23.0
XP_047561309,apolipoprotein A-I,23.0
XP_058923644,apolipoprotein A-I,22.0
TFJ98381,B-cell receptor CD22 ,27.0
XP_030157653,apolipoprotein A-I,21.0
XP_028911017,apolipoprotein A-I,23.0
XP_042781609,apolipoprotein A-I,22.0
XP_019288805,apolipoprotein A-I,22.0
XP_042781608,apolipoprotein A-I,22.0
XP_046948924,apolipoprotein A-I,21.0
XP_032705379,apolipoprotein A-I,23.0
XP_001117975,apolipoprotein A-I,21.0
XP_025210440,apolipoprotein A-I,21.0
XP_005677218,apolipoprotein A-I,26.0
XP_038624812,apolipoprotein A-I,24.0
XP_010365434,apolipoprotein A-I,21.0
XP_004002742,apolipoprotein A-I,26.0
XP_055257376,apolipoprotein A-I,24.0
XP_040085971,apolipoprotein A-I,26.0
XP_052494175,apolipoprotein A-I,26.0
XP_020827748,apolipoprotein A-I,27.0
VFV31160,apolipoprotein A-II,21.0
XP_029791617,apolipoprotein A-I,21.0
XP_020762724,apolipoprotein A-I,27.0
XP_007974599,apolipoprotein A-I,20.0
XP_061041797,apolipoprotein A-I,22.0
XP_008056089,apolipoprotein A-I,22.0
XP_005087845,apolipoprotein A-I,25.0
XP_029791616,apolipoprotein A-I,21.0
XP_053464207,apolipoprotein A-I,22.0
CAI9151162,hypothetical protein/uncharacterized protein,26.0
XP_043302053,apolipoprotein A-I,26.0
XP_050615905,apolipoprotein A-I,21.0
XP_051004220,apolipoprotein A-I,26.0
XP_003466639,apolipoprotein A-I,25.0
XP_003258803,apolipoprotein A-I,20.0
XP_006861735,apolipoprotein A-I,24.0
XP_055469229,apolipoprotein A-I,24.0
XP_059933662,apolipoprotein A-I,26.0
KAB0393460,hypothetical protein/uncharacterized protein,23.0
XP_037005745,apolipoprotein A-I,23.0
XP_023366517,apolipoprotein A-I,23.0
XP_005909271,apolipoprotein A-I,26.0
XP_039369398,apolipoprotein A-I,25.0
XP_004640031,apolipoprotein A-I,23.0
XP_059758875,apolipoprotein A-I,23.0
MBW01383,apolipoprotein A-I,23.0
XP_040859233,apolipoprotein A-I,25.0
XP_037005743,apolipoprotein A-I,23.0
NP_001158123,apolipoprotein A-I,21.0
XP_037362521,apolipoprotein A-I,24.0
XP_059001060,apolipoprotein A-I,24.0
XP_047640041,apolipoprotein A-I,23.0
XP_032621031,apolipoprotein A-I,26.0
XP_034376176,apolipoprotein A-I,25.0
XP_021502807,apolipoprotein A-I,24.0
XP_044847254,apolipoprotein A-I,23.0
XP_031245072,apolipoprotein A-I,24.0
XP_030698062,apolipoprotein A-I,23.0
XP_053515359,apolipoprotein A-I,23.0
NP_001173223,apolipoprotein A-I,23.0
XP_019488666,apolipoprotein A-I,23.0
XP_044531773,apolipoprotein A-I,28.0
XP_007485040,apolipoprotein A-I,29.0
XP_007467196,apolipoprotein A-I,24.0
XP_007171767,apolipoprotein A-I,23.0
XP_022415179,apolipoprotein A-I,23.0
XP_045403136,apolipoprotein A-I,23.0
NP_001039381,apolipoprotein A-I,25.0
XP_001503846,apolipoprotein A-I,22.0
XP_021502807,apolipoprotein A-I,24.0
PNJ57120,apolipoprotein A-II,21.0
XP_036690468,apolipoprotein A-I,23.0
XP_038239262,apolipoprotein A-I,25.0
XP_014691000,apolipoprotein A-I,22.0
XP_048212478,apolipoprotein A-I,23.0
XP_004858718,apolipoprotein A-I,25.0
NP_001292478,apolipoprotein A-I,28.0
XP_005400327,apolipoprotein A-I,22.0
XP_030398013,apolipoprotein A-I,27.0
XP_004716619,apolipoprotein A-I,21.0
XP_060220650,apolipoprotein A-I,24.0
XP_045311244,nuclear receptor subfamily 1 group I member 3 ,22.0
XP_024059948,apolipoprotein A-I,25.0
ABV02576,apolipoprotein A-I,28.0
XP_058601649,LS-12 type-IV ice structuring protein,20.0
XP_043116229,LS-12 type-IV ice structuring protein,20.0
PNI19858,apolipoprotein A-II,21.0
KAF5918307,hypothetical protein/uncharacterized protein,20.0
XP_005293843,apolipoprotein A-I,24.0
CAA44616,apolipoprotein A-I,27.0
XP_053866791,apolipoprotein A-I,24.0
KAJ1064387,hypothetical protein/uncharacterized protein,26.0
PNI19862,apolipoprotein A-II,21.0
XP_002760286,apolipoprotein A-I,20.0
XP_012305035,apolipoprotein A-I,20.0
XP_014635176,apolipoprotein A-I,20.0
XP_012886032,apolipoprotein A-I,23.0
XP_021053352,apolipoprotein A-I,29.0
TEA38071,hypothetical protein/uncharacterized protein,23.0
XP_004284522,apolipoprotein A-I,23.0
XP_059136950,apolipoprotein A-I,26.0
P0DJD2,apolipoprotein A-I,20.0
KAI2520077,apolipoprotein A-II,20.0
CAA28583,apolipoprotein ,20.0
P0DN36,apolipoprotein A-I,20.0
NP_001634,apolipoprotein A-I,20.0
AAA37248,apolipoprotein A-I,27.0
XP_059997835,apolipoprotein A-I,23.0
XP_028715918,apolipoprotein A-I,24.0
XP_059424449,LS-12 type-IV ice structuring protein,20.0
XP_026140904,LS-12 type-IV ice structuring protein,20.0
XP_016137556,LS-12 type-IV ice structuring protein,21.0
PNI19861,apolipoprotein A-II,21.0
XP_003938035,apolipoprotein A-I,22.0
XP_044122175,apolipoprotein A-I,22.0
NP_001008976,apolipoprotein A-I,21.0
OBS82765,hypothetical protein/uncharacterized protein,24.0
XP_039540404,LS-12 type-IV ice structuring protein,19.0
XP_036058818,apolipoprotein A-I,25.0
XP_052055813,apolipoprotein A-I,26.0
AAA37250,apolipoprotein A-I,28.0
XP_048010051,LS-12 type-IV ice structuring protein,20.0
XP_036890925,apolipoprotein A-I,19.0
KAI2520072,apolipoprotein A-II,20.0
XP_004775983,apolipoprotein A-I,23.0
XP_012495029,apolipoprotein A-I,26.0
XP_016394153,LS-12 type-IV ice structuring protein,22.0
XP_051722516,LS-12 type-IV ice structuring protein,20.0
XP_016391861,LS-12 type-IV ice structuring protein,19.0
XP_053764903,nuclear receptor subfamily 1 group I member 3 ,22.0
XP_032116841,apolipoprotein A-I,20.0
XP_053515358,apolipoprotein A-I,23.0
XP_044122174,apolipoprotein A-I,22.0
XP_006990697,apolipoprotein A-I,25.0
XP_051722517,LS-12 type-IV ice structuring protein,21.0
XP_018975178,LS-12 type-IV ice structuring protein,20.0
XP_058603447,LS-12 type-IV ice structuring protein,19.0
XP_059424450,LS-12 type-IV ice structuring protein,19.0
XP_043116230,LS-12 type-IV ice structuring protein,19.0
XP_006895613,apolipoprotein A-I,25.0
ROL41425,LS-12 type-IV ice structuring protein,20.0
XP_016137557,apolipoprotein A-I,20.0
ROL41426,LS-12 type-IV ice structuring protein,20.0
XP_036890924,apolipoprotein A-I,19.0
XP_015441675,apolipoprotein A-I,23.0
XP_007070011,apolipoprotein A-I,24.0
XP_033703901,apolipoprotein A-I,23.0
XP_024613329,apolipoprotein A-I,23.0
AHZ08737,LS-12 type-IV ice structuring protein,21.0
XP_051576023,LS-12 type-IV ice structuring protein,19.0
XP_052433640,LS-12 type-IV ice structuring protein,21.0
XP_037681442,apolipoprotein A-I,23.0
XP_032173902,apolipoprotein A-I,24.0
XP_016341394,LS-12 type-IV ice structuring protein,21.0
XP_016319819,LS-12 type-IV ice structuring protein,18.0
XP_004589167,apolipoprotein A-I,24.0
XP_032504589,apolipoprotein A-I,23.0
KAK2903553,hypothetical protein/uncharacterized protein,20.0
NP_001038953,LS-12 type-IV ice structuring protein,22.0
XP_016394094,LS-12 type-IV ice structuring protein,21.0
XP_052475429,LS-12 type-IV ice structuring protein,19.0
XP_059364799,LS-12 type-IV ice structuring protein,18.0
XP_020363114,LS-12 type-IV ice structuring protein,24.0
KAB0357780,hypothetical protein/uncharacterized protein,26.0
XP_036621958,apolipoprotein A-I,26.0
KAG6922620,apolipoprotein A-II,26.0
AAR12991,embryogenesis regulator ,20.0
XP_048010048,LS-12 type-IV ice structuring protein,19.0
XP_045694639,apolipoprotein A-I,20.0
XP_026139076,LS-12 type-IV ice structuring protein,20.0
XP_020363107,LS-12 type-IV ice structuring protein,24.0
KAF6292405,apolipoprotein A-II,23.0
XP_017370593,apolipoprotein A-I,19.0
XP_043860493,apolipoprotein A-I,26.0
XP_053515356,apolipoprotein A-I,23.0
XP_052475431,LS-12 type-IV ice structuring protein,20.0
XP_051575445,LS-12 type-IV ice structuring protein,17.0
XP_042629090,LS-12 type-IV ice structuring protein,17.0
XP_016391862,LS-12 type-IV ice structuring protein,18.0
XP_050988030,LS-12 type-IV ice structuring protein,19.0
XP_016341396,LS-12 type-IV ice structuring protein,21.0
XP_018975177,LS-12 type-IV ice structuring protein,20.0
XP_026083423,LS-12 type-IV ice structuring protein,18.0
XP_035871443,apolipoprotein A-I,19.0
XP_021449847,LS-12 type-IV ice structuring protein,24.0
XP_029593112,LS-12 type-IV ice structuring protein,24.0
KAF4102801,hypothetical protein/uncharacterized protein,19.5
XP_052592584,apolipoprotein A-I,23.0
XP_056331727,LS-12 type-IV ice structuring protein,23.0
XP_052000799,LS-12 type-IV ice structuring protein,17.0
XP_036128968,apolipoprotein A-I,21.0
XP_035606856,LS-12 type-IV ice structuring protein,24.0
XP_032948812,apolipoprotein A-I,23.0
XP_003769682,apolipoprotein A-I,25.0
XP_028643596,apolipoprotein A-I,23.0
XP_010614907,apolipoprotein A-I,26.0
XP_020029917,apolipoprotein A-I,23.0
XP_016319786,LS-12 type-IV ice structuring protein,18.0
XP_059364801,LS-12 type-IV ice structuring protein,20.0
AJG06056,hypothetical protein/uncharacterized protein,20.0
XP_027710598,apolipoprotein A-I,25.0
XP_057585702,apolipoprotein A-I,21.0
XP_051854205,apolipoprotein A-I,24.0
KTF80620,hypothetical protein/uncharacterized protein,20.0
XP_048010049,LS-12 type-IV ice structuring protein,19.0
XP_024407858,apolipoprotein A-I,18.0
KAB0385150,hypothetical protein/uncharacterized protein,25.0
KAF6073910,apolipoprotein A-II,19.0
XP_008698873,apolipoprotein A-I,22.0
KAK2903552,hypothetical protein/uncharacterized protein,20.0
XP_016137080,LS-12 type-IV ice structuring protein,18.0
XP_023836452,LS-12 type-IV ice structuring protein,23.0
EFB27731,hypothetical protein/uncharacterized protein,22.0
CDQ73735,hypothetical protein/uncharacterized protein,24.0
XP_035286218,LS-12 type-IV ice structuring protein,30.0
XP_016137079,LS-12 type-IV ice structuring protein,20.0
TRY55306,hypothetical protein/uncharacterized protein,21.0
XP_041708723,LS-12 type-IV ice structuring protein,24.0
XP_055781789,LS-12 type-IV ice structuring protein,25.0
CDQ69682,hypothetical protein/uncharacterized protein,25.0
XP_011234954,apolipoprotein A-I,22.0
XP_053560465,apolipoprotein A-I,42.0
XP_028359320,apolipoprotein A-I,19.0
XP_055066776,LS-12 type-IV ice structuring protein,21.0
XP_014019752,LS-12 type-IV ice structuring protein,24.0
XP_029481439,LS-12 type-IV ice structuring protein,24.0
XP_024241642,LS-12 type-IV ice structuring protein,25.0
XP_020353702,LS-12 type-IV ice structuring protein,25.0
XP_012624036,apolipoprotein A-I,21.0
XP_039695817,apolipoprotein A-I,23.0
KTG16022,hypothetical protein/uncharacterized protein,18.0
XP_023844908,LS-12 type-IV ice structuring protein,24.0
XP_021415282,LS-12 type-IV ice structuring protein,25.0
XP_038849068,LS-12 type-IV ice structuring protein,24.0
XP_029595471,LS-12 type-IV ice structuring protein,25.0
CAH2327258,Hypothetical predicted protein ,34.0
XP_055993780,apolipoprotein A-I,24.0
XP_021032840,apolipoprotein A-I,26.0
KAA0702725,hypothetical protein/uncharacterized protein,20.0
XP_028281910,LS-12 type-IV ice structuring protein,22.0
XP_026343129,apolipoprotein A-I,22.0
XP_008846208,apolipoprotein A-I,25.0
OWK05347,apolipoprotein A-II,26.0
KAG9335694,hypothetical protein/uncharacterized protein,24.0
NP_037244,apolipoprotein A-I,21.0
XP_011375313,apolipoprotein A-I,21.0
XP_056331729,LS-12 type-IV ice structuring protein,22.0
XP_045640343,apolipoprotein A-I,23.0
XP_056617770,LS-12 type-IV ice structuring protein,18.0
XP_035601815,LS-12 type-IV ice structuring protein,26.0
XP_019568511,apolipoprotein A-I,21.0
XP_036371483,LS-12 type-IV ice structuring protein,26.0
XP_006163183,apolipoprotein A-I,20.0
XP_036414533,LS-12 type-IV ice structuring protein,20.0
CAB1333383,hypothetical protein/uncharacterized protein,24.0
KAI2654929,LS-12 type-IV ice structuring protein,20.0
XP_059574785,apolipoprotein A-I,27.0
XP_025050470,apolipoprotein A-I,27.0
KAI5164702,apolipoprotein A-I,20.0
KYO19498,apolipoprotein A-I,27.0
TRY55305,hypothetical protein/uncharacterized protein,21.0
XP_014056236,LS-12 type-IV ice structuring protein,25.0
KAG7457579,hypothetical protein/uncharacterized protein,26.0
XP_056617769,LS-12 type-IV ice structuring protein,20.0
XP_017564189,LS-12 type-IV ice structuring protein,22.0
XP_057195281,LS-12 type-IV ice structuring protein,16.0
KAJ8336390,hypothetical protein/uncharacterized protein,29.0
KAI7806215,embryogenesis regulator ,19.0
XP_055067390,LS-12 type-IV ice structuring protein,19.0
XP_032770941,apolipoprotein A-I,20.0
XP_056617768,LS-12 type-IV ice structuring protein,20.0
XP_042295996,apolipoprotein A-I,20.0
XP_049438914,LS-12 type-IV ice structuring protein,24.0
NP_001373278,LS-12 type-IV ice structuring protein,20.0
XP_059269938,apolipoprotein A-I,23.0
KAA0702724,hypothetical protein/uncharacterized protein,19.0
XP_044063730,LS-12 type-IV ice structuring protein,24.0
XP_051575446,LS-12 type-IV ice structuring protein,19.0
XP_039662832,LS-12 type-IV ice structuring protein,24.0
XP_054443562,apolipoprotein A-I,23.0
XP_004613952,apolipoprotein A-I,18.0
XP_060614276,apolipoprotein A-I,23.0
XP_034729219,LS-12 type-IV ice structuring protein,24.0
XP_031135425,LS-12 type-IV ice structuring protein,25.0
KAJ8273764,hypothetical protein/uncharacterized protein,27.0
XP_006115258,apolipoprotein A-I,24.0
XP_033495864,LS-12 type-IV ice structuring protein,24.0
MEE6491623,hypothetical protein/uncharacterized protein,31.0
KAF1388354,hypothetical protein/uncharacterized protein,24.0
XP_028437110,LS-12 type-IV ice structuring protein,25.0
XP_029537387,LS-12 type-IV ice structuring protein,23.0
XP_042280736,LS-12 type-IV ice structuring protein,23.0
XP_047213256,LS-12 type-IV ice structuring protein,21.0
MED6247981,hypothetical protein/uncharacterized protein,21.0
KAF4021120,hypothetical protein/uncharacterized protein,26.0
XP_029928537,LS-12 type-IV ice structuring protein,27.0
XP_007242210,LS-12 type-IV ice structuring protein,18.0
XP_015228760,LS-12 type-IV ice structuring protein,21.0
XP_023600370,apolipoprotein A-I,20.0
XP_035427570,apolipoprotein A-I,20.0
XP_014845317,LS-12 type-IV ice structuring protein,22.0
XP_007570597,LS-12 type-IV ice structuring protein,22.0
XP_047911453,apolipoprotein A-I,20.0
MED6289480,hypothetical protein/uncharacterized protein,21.0
XP_035465125,LS-12 type-IV ice structuring protein,24.0
XP_043972489,LS-12 type-IV ice structuring protein,22.0
KAB5532863,hypothetical protein/uncharacterized protein,18.0
AAC60284,FR10 ,90.0
XP_032374977,LS-12 type-IV ice structuring protein,26.0
XP_018555510,LS-12 type-IV ice structuring protein,23.0
GLD53136,LS-12 type-IV ice structuring protein,23.0
XP_026780496,LS-12 type-IV ice structuring protein,19.0
KAI3361333,hypothetical protein/uncharacterized protein,25.0
XP_040268376,apolipoprotein A-I,35.0
KAJ8372477,hypothetical protein/uncharacterized protein,27.0
XP_004078423,LS-12 type-IV ice structuring protein,18.0
XP_051262192,LS-12 type-IV ice structuring protein,26.0
PNJ57122,apolipoprotein A-II,20.0
XP_029882114,apolipoprotein A-I,20.0
XP_026869406,LS-12 type-IV ice structuring protein,18.0
XP_058232808,LS-12 type-IV ice structuring protein,19.0
XP_023686270,apolipoprotein A-I,22.0
PNJ57119,apolipoprotein A-II,20.0
XP_046158149,LS-12 type-IV ice structuring protein,23.0
XP_010870274,apolipoprotein A-I,19.0
XP_035528945,LS-12 type-IV ice structuring protein,26.0
XP_006643008,LS-12 type-IV ice structuring protein,25.0
XP_052653886,apolipoprotein A-I,21.0
KAG9283700,LS-12 type-IV ice structuring protein,18.0
KAF0031759,hypothetical protein/uncharacterized protein,24.0
MCI4391184,hypothetical protein/uncharacterized protein,19.0
KAG9345273,hypothetical protein/uncharacterized protein,23.0
XP_038161250,LS-12 type-IV ice structuring protein,21.0
XP_022602148,LS-12 type-IV ice structuring protein,23.0
XP_022046149,LS-12 type-IV ice structuring protein,23.0
XP_059688397,apolipoprotein A-I,20.0
KAI7806492,embryogenesis regulator ,16.0
MBN3313543,LS-12 type-IV ice structuring protein,25.0
XP_014899364,LS-12 type-IV ice structuring protein,21.0
KAA8591837,hypothetical protein/uncharacterized protein,26.0
XP_042345146,LS-12 type-IV ice structuring protein,22.0
XP_008279304,LS-12 type-IV ice structuring protein,23.0
KAG8540932,hypothetical protein/uncharacterized protein,33.0
KAI4902668,hypothetical protein/uncharacterized protein,20.0
CAJ1063008,LS-12 type-IV ice structuring protein,24.0
XP_035811317,LS-12 type-IV ice structuring protein,22.0
XP_003229081,apolipoprotein A-I,21.0
XP_012732164,LS-12 type-IV ice structuring protein,21.0
KAI2520073,apolipoprotein A-II,19.0
XP_030639040,LS-12 type-IV ice structuring protein,23.0
XP_032411777,LS-12 type-IV ice structuring protein,22.0
XP_027865568,LS-12 type-IV ice structuring protein,23.0
XP_061872323,apolipoprotein A-I,21.0
XP_040394749,apolipoprotein A-I,20.0
XP_054662109,apolipoprotein A-I,21.0
KAK1806415,hypothetical protein/uncharacterized protein,18.0
XP_005801876,LS-12 type-IV ice structuring protein,22.0
XP_049661733,apolipoprotein A-I,20.0
PNI19860,apolipoprotein A-II,19.0
KAK4807598,hypothetical protein/uncharacterized protein,22.0
XP_040900955,LS-12 type-IV ice structuring protein,23.0
XP_054038907,apolipoprotein A-I,21.0
KAI2520078,apolipoprotein A-II,19.0
XP_028565848,apolipoprotein A-I,21.0
KAF4076114,hypothetical protein/uncharacterized protein,18.0
XP_046689855,LS-12 type-IV ice structuring protein,18.0
XP_053344113,LS-12 type-IV ice structuring protein,19.0
XP_030320950,apolipoprotein A-I,21.0
XP_037639746,LS-12 type-IV ice structuring protein,24.0
XP_046256859,LS-12 type-IV ice structuring protein,27.0
XP_061462486,apolipoprotein A-I,20.0
XP_040433764,apolipoprotein A-I,20.0
KAJ7986561,hypothetical protein/uncharacterized protein,17.0
XP_008428971,LS-12 type-IV ice structuring protein,21.0
XP_028820260,LS-12 type-IV ice structuring protein,25.0
XP_030250844,LS-12 type-IV ice structuring protein,24.0
XP_041648688,LS-12 type-IV ice structuring protein,24.0
PNI19863,apolipoprotein A-II,19.0
XP_014817378,apolipoprotein A-I,19.0
XP_028565847,apolipoprotein A-I,21.0
XP_017308295,LS-12 type-IV ice structuring protein,17.0
XP_035170292,apolipoprotein A-I,19.0
KAE8289191,hypothetical protein/uncharacterized protein,22.0
XP_048367180,apolipoprotein A-I,25.0
MCJ8745445,hypothetical protein/uncharacterized protein,16.0
XP_034955296,apolipoprotein A-I,21.0
XP_051576024,LS-12 type-IV ice structuring protein,13.0
XP_037639745,LS-12 type-IV ice structuring protein,24.0
XP_048117569,LS-12 type-IV ice structuring protein,27.0
XP_040021863,LS-12 type-IV ice structuring protein,19.0
XP_026173476,LS-12 type-IV ice structuring protein,21.0
KAK2518242,hypothetical protein/uncharacterized protein,21.0
TMS10672,LS-12 type-IV ice structuring protein,15.0
XP_050987481,LS-12 type-IV ice structuring protein,21.0
XP_047453814,LS-12 type-IV ice structuring protein,25.0
XP_036928732,LS-12 type-IV ice structuring protein,24.0
XP_008322372,LS-12 type-IV ice structuring protein,21.0
XP_010747093,LS-12 type-IV ice structuring protein,14.333333333333334
XP_048117432,LS-12 type-IV ice structuring protein,26.0
XP_044800056,apolipoprotein A-I,23.0
XP_041962434,LS-12 type-IV ice structuring protein,26.0
XP_060938038,LS-12 type-IV ice structuring protein,26.0
EPY89005,apolipoprotein A-I,18.0
KAK2909846,hypothetical protein/uncharacterized protein,21.0
XP_041962436,LS-12 type-IV ice structuring protein,27.0
XP_041962435,LS-12 type-IV ice structuring protein,27.0
XP_034553900,LS-12 type-IV ice structuring protein,20.0
KAG7216506,hypothetical protein/uncharacterized protein,20.0
XP_032991985,apolipoprotein A-I,23.0
XP_025143274,apolipoprotein A-I,23.0
XP_062278919,LS-12 type-IV ice structuring protein,24.0
XP_053134113,apolipoprotein A-I,23.0
XP_027013444,LS-12 type-IV ice structuring protein,28.0
OPJ71598,apolipoprotein A-I,20.0
XP_052000752,LS-12 type-IV ice structuring protein,13.0
XP_031723309,LS-12 type-IV ice structuring protein,22.0
XP_041842839,LS-12 type-IV ice structuring protein,21.0
KAI5611899,LS-12 type-IV ice structuring protein,17.0
XP_015805235,LS-12 type-IV ice structuring protein,19.0
TKS82521,LS-12 type-IV ice structuring protein,15.333333333333334
XP_041842838,LS-12 type-IV ice structuring protein,21.0
OCT69476,hypothetical protein/uncharacterized protein,37.0
XP_020500141,LS-12 type-IV ice structuring protein,21.0
XP_017288781,LS-12 type-IV ice structuring protein,19.0
XP_056178108,apolipoprotein A-I,19.0
XP_063001688,apolipoprotein A-I,21.0
XP_014138161,apolipoprotein A-I,19.0
XP_039974790,LS-12 type-IV ice structuring protein,19.0
XP_059195546,LS-12 type-IV ice structuring protein,22.0
XP_057195701,LS-12 type-IV ice structuring protein,19.0
WJN62212,LS-12 type-IV ice structuring protein,26.0
XP_062841859,LS-12 type-IV ice structuring protein,22.0
KAG8009826,LS-12 type-IV ice structuring protein,14.0
CAJ0929895,hypothetical protein/uncharacterized protein,29.0
XP_041094859,LS-12 type-IV ice structuring protein,22.0
XP_016049930,apolipoprotein A-I,17.0
XP_038566209,LS-12 type-IV ice structuring protein,21.0
XP_013160225,apolipoprotein A-I,19.0
KAK3515394,hypothetical protein/uncharacterized protein,20.0
XP_060905891,LS-12 type-IV ice structuring protein,21.0
XP_039974789,LS-12 type-IV ice structuring protein,19.0
XP_054035210,apolipoprotein A-I,19.0
KAJ1081395,hypothetical protein/uncharacterized protein,28.0
XP_018601087,LS-12 type-IV ice structuring protein,22.0
XP_041799272,LS-12 type-IV ice structuring protein,20.0
XP_033850305,LS-12 type-IV ice structuring protein,22.0
XP_034765998,LS-12 type-IV ice structuring protein,22.0
KAK1151619,LS-12 type-IV ice structuring protein,22.0
XP_058503858,LS-12 type-IV ice structuring protein,21.0
XP_061574529,LS-12 type-IV ice structuring protein,24.0
KPP68945,LS-12 type-IV ice structuring protein,22.0
XP_043890588,LS-12 type-IV ice structuring protein,20.0
XP_061112195,LS-12 type-IV ice structuring protein,28.0
XP_042640769,apolipoprotein A-I,17.0
XP_058862237,LS-12 type-IV ice structuring protein,22.0
TSK20101,LS-12 type-IV ice structuring protein,26.0
XP_045901839,LS-12 type-IV ice structuring protein,21.0
XP_058492290,LS-12 type-IV ice structuring protein,17.0
EAW52619,apolipoprotein A-I,19.0
XP_048849832,LS-12 type-IV ice structuring protein,21.0
XP_029361102,LS-12 type-IV ice structuring protein,20.0
XP_058492281,LS-12 type-IV ice structuring protein,17.0
XP_007426195,apolipoprotein A-I,22.0
KAK2845004,hypothetical protein/uncharacterized protein,21.0
XP_062256167,LS-12 type-IV ice structuring protein,22.0
XP_060756983,LS-12 type-IV ice structuring protein,20.0
KAG8507785,apolipoprotein A-I,18.0
XP_040923831,LS-12 type-IV ice structuring protein,21.0
XP_037310191,LS-12 type-IV ice structuring protein,18.0
KAG7474973,hypothetical protein/uncharacterized protein,20.0
XP_042565174,LS-12 type-IV ice structuring protein,23.0
KAJ8267418,hypothetical protein/uncharacterized protein,26.0
XP_012673372,LS-12 type-IV ice structuring protein,20.0
BAA28618,hypothetical protein/uncharacterized protein,37.0
KAJ6656974,hypothetical protein/uncharacterized protein,21.0
AAA40750,apolipoprotein A-I,15.0
XP_054903188,LS-12 type-IV ice structuring protein,20.0
XP_048881479,LS-12 type-IV ice structuring protein,22.0
XP_054903187,LS-12 type-IV ice structuring protein,20.0
XP_028984978,LS-12 type-IV ice structuring protein,22.0
XP_023656959,LS-12 type-IV ice structuring protein,20.0
XP_031431924,LS-12 type-IV ice structuring protein,24.0
KAF6727001,LS-12 type-IV ice structuring protein,17.0
XP_024117328,LS-12 type-IV ice structuring protein,17.0
XP_035020249,LS-12 type-IV ice structuring protein,22.0
KAF3692297,LS-12 type-IV ice structuring protein,15.0
XP_024114119,LS-12 type-IV ice structuring protein,17.0
XP_019962195,LS-12 type-IV ice structuring protein,24.0
XP_034466005,LS-12 type-IV ice structuring protein,21.0
XP_053289328,LS-12 type-IV ice structuring protein,21.0
XP_041932120,LS-12 type-IV ice structuring protein,27.0
KAF6396124,apolipoprotein A-II,20.0
XP_056142849,LS-12 type-IV ice structuring protein,19.0
XP_060541040,apolipoprotein A-I,21.0
XP_013878912,LS-12 type-IV ice structuring protein,21.0
XP_055443326,apolipoprotein A-I,17.0
XP_054478416,LS-12 type-IV ice structuring protein,23.0
XP_053743168,LS-12 type-IV ice structuring protein,18.0
MBN3295023,LS-12 type-IV ice structuring protein,19.0
EAW52622,apolipoprotein A-I,11.0
XP_032090022,apolipoprotein A-I,23.0
XP_054852106,apolipoprotein A-I,22.0
XP_012673715,LS-12 type-IV ice structuring protein,25.0
XP_063001689,apolipoprotein A-I,21.0
XP_053183399,LS-12 type-IV ice structuring protein,18.0
XP_020653039,apolipoprotein A-I,19.0
XP_041963931,LS-12 type-IV ice structuring protein,20.0
XP_041962437,LS-12 type-IV ice structuring protein,20.0
XP_037532644,apolipoprotein A-I,21.0
XP_036128967,apolipoprotein A-I,13.0
XP_032568938,apolipoprotein A-I,16.0
XP_027766951,apolipoprotein A-I,16.0
XP_039607142,LS-12 type-IV ice structuring protein,18.0
XP_027583868,apolipoprotein A-I,16.0
RVE63243,hypothetical protein/uncharacterized protein,17.0
XP_061300162,apolipoprotein A-I,16.0
XP_061213504,apolipoprotein A-I,16.0
XP_024114121,LS-12 type-IV ice structuring protein,11.0
XP_030003662,LS-12 type-IV ice structuring protein,19.0
XP_051779277,LS-12 type-IV ice structuring protein,20.0
KAG5271675,hypothetical protein/uncharacterized protein,20.0
XP_051779276,LS-12 type-IV ice structuring protein,20.0
XP_062488597,apolipoprotein A-I,16.0
XP_026572283,apolipoprotein A-I,21.0
EMP26198,Ubiquitin-fold modifier-conjugating enzyme 1 ,15.0
XP_015676979,apolipoprotein A-I,20.0
XP_056153784,LS-12 type-IV ice structuring protein,22.0
P02653,apolipoprotein A-I,10.0
PIO09969,hypothetical protein/uncharacterized protein,60.0
XP_026546017,apolipoprotein A-I,24.0
XP_057902515,LS-12 type-IV ice structuring protein,22.0
MBN3289990,LS-12 type-IV ice structuring protein,18.0
XP_030329930,apolipoprotein A-I,14.0
XP_054619339,LS-12 type-IV ice structuring protein,22.0
XP_015989572,apolipoprotein A-I,20.0
XP_041757844,LS-12 type-IV ice structuring protein,18.0
XP_009463246,apolipoprotein A-I,20.0
CAB1320837,hypothetical protein/uncharacterized protein,18.0
XP_044027161,LS-12 type-IV ice structuring protein,19.0
XP_016065956,apolipoprotein A-I,14.0
XP_029587895,LS-12 type-IV ice structuring protein,17.0
XP_033927216,apolipoprotein A-I,19.0
XP_014033195,LS-12 type-IV ice structuring protein,17.0
XP_024297184,LS-12 type-IV ice structuring protein,18.0
XP_020323544,LS-12 type-IV ice structuring protein,18.0
XP_021427891,LS-12 type-IV ice structuring protein,17.0
KAI3358630,hypothetical protein/uncharacterized protein,20.0
CAB1320838,hypothetical protein/uncharacterized protein,18.0
XP_046906624,LS-12 type-IV ice structuring protein,25.0
XP_041739718,LS-12 type-IV ice structuring protein,16.0
XP_020355327,LS-12 type-IV ice structuring protein,17.0
XP_029521307,LS-12 type-IV ice structuring protein,17.0
XP_061122821,LS-12 type-IV ice structuring protein,21.0
XP_018553523,LS-12 type-IV ice structuring protein,18.0
XP_029591118,LS-12 type-IV ice structuring protein,16.0
XP_038827678,LS-12 type-IV ice structuring protein,16.0
XP_023831001,LS-12 type-IV ice structuring protein,16.0
CDQ72913,hypothetical protein/uncharacterized protein,17.0
CDQ80836,hypothetical protein/uncharacterized protein,17.0
XP_037119482,LS-12 type-IV ice structuring protein,21.0
KAJ7307393,hypothetical protein/uncharacterized protein,18.0
XP_029514259,LS-12 type-IV ice structuring protein,17.0
XP_035651429,LS-12 type-IV ice structuring protein,17.0
XP_028317203,LS-12 type-IV ice structuring protein,22.0
XP_046183724,LS-12 type-IV ice structuring protein,18.0
XP_013997712,LS-12 type-IV ice structuring protein,16.0
XP_035476200,LS-12 type-IV ice structuring protein,17.0
XP_028452361,LS-12 type-IV ice structuring protein,21.0
P83704,apolipoprotein A-I,11.0
CAB1350978,hypothetical protein/uncharacterized protein,16.0
XP_040908940,LS-12 type-IV ice structuring protein,19.0
XP_061764571,LS-12 type-IV ice structuring protein,20.0
GLD59133,LS-12 type-IV ice structuring protein,17.0
KAG9462513,hypothetical protein/uncharacterized protein,10.0
XP_047460529,LS-12 type-IV ice structuring protein,13.5
XP_039675674,LS-12 type-IV ice structuring protein,21.0
KAF1381679,hypothetical protein/uncharacterized protein,21.0
XP_048785110,apolipoprotein A-I,16.0
TDH04048,hypothetical protein/uncharacterized protein,21.0
TNN72324,LS-12 type-IV ice structuring protein,18.0
XP_020490335,LS-12 type-IV ice structuring protein,15.0
XP_053190891,LS-12 type-IV ice structuring protein,18.0
QXF30678,LS-12 type-IV ice structuring protein,18.0
XP_055733420,LS-12 type-IV ice structuring protein,19.0
XP_042292023,LS-12 type-IV ice structuring protein,19.0
XP_028251607,LS-12 type-IV ice structuring protein,19.0
XP_030267861,LS-12 type-IV ice structuring protein,21.0
XP_034401386,LS-12 type-IV ice structuring protein,15.0
P80961,LS-12 type-IV ice structuring protein,15.0
XP_031152064,LS-12 type-IV ice structuring protein,18.0
XP_034561100,LS-12 type-IV ice structuring protein,18.0
XP_035038951,LS-12 type-IV ice structuring protein,18.0
XP_034455530,LS-12 type-IV ice structuring protein,18.0
XP_038581812,LS-12 type-IV ice structuring protein,20.0
XP_031152063,LS-12 type-IV ice structuring protein,18.0
XP_038822261,LS-12 type-IV ice structuring protein,16.0
XP_019957605,LS-12 type-IV ice structuring protein,16.0
XP_059899230,LS-12 type-IV ice structuring protein,20.0
KAA8585799,hypothetical protein/uncharacterized protein,20.0
XP_060915486,LS-12 type-IV ice structuring protein,18.0
XP_020453028,LS-12 type-IV ice structuring protein,18.0
XP_049607579,LS-12 type-IV ice structuring protein,20.0
XP_038581810,LS-12 type-IV ice structuring protein,20.0
XP_031598511,LS-12 type-IV ice structuring protein,17.0
XP_003444152,LS-12 type-IV ice structuring protein,17.0
XP_029298442,LS-12 type-IV ice structuring protein,16.0
CAI5690836,hypothetical protein/uncharacterized protein,17.0
MEE6491622,hypothetical protein/uncharacterized protein,12.0
OCT66650,hypothetical protein/uncharacterized protein,34.0
AAB32200,apolipoprotein A-II,9.0
XP_034747140,LS-12 type-IV ice structuring protein,19.0
XP_032392228,LS-12 type-IV ice structuring protein,20.0
XP_045914015,LS-12 type-IV ice structuring protein,20.0
XP_026156033,LS-12 type-IV ice structuring protein,14.0
XP_021232195,apolipoprotein A-I,15.0
ATQ63802,LS-12 type-IV ice structuring protein,17.0
KAG7279963,hypothetical protein/uncharacterized protein,20.0
XP_039977479,LS-12 type-IV ice structuring protein,16.0
XP_030596528,LS-12 type-IV ice structuring protein,17.0
XP_062265837,LS-12 type-IV ice structuring protein,17.0
XP_053302455,LS-12 type-IV ice structuring protein,16.0
XP_060948750,LS-12 type-IV ice structuring protein,17.0
XP_039977478,LS-12 type-IV ice structuring protein,16.0
XP_056438095,LS-12 type-IV ice structuring protein,19.0
KAI4817799,hypothetical protein/uncharacterized protein,16.0
KAF3707395,LS-12 type-IV ice structuring protein,15.0
XP_005728559,LS-12 type-IV ice structuring protein,19.0
XP_045914014,LS-12 type-IV ice structuring protein,20.0
XP_023135734,LS-12 type-IV ice structuring protein,14.0
XP_005917613,LS-12 type-IV ice structuring protein,18.0
XP_026011383,LS-12 type-IV ice structuring protein,18.0
XP_026011382,LS-12 type-IV ice structuring protein,18.0
XP_004549213,LS-12 type-IV ice structuring protein,18.0
XP_030203814,LS-12 type-IV ice structuring protein,20.0
TRZ07692,hypothetical protein/uncharacterized protein,16.0
XP_052561449,apolipoprotein A-I,16.0
XP_042748069,apolipoprotein A-I,16.0
XP_026204783,LS-12 type-IV ice structuring protein,17.0
KAJ4928040,hypothetical protein/uncharacterized protein,15.0
XP_025967358,apolipoprotein A-I,17.0
XP_006787962,LS-12 type-IV ice structuring protein,19.0
XP_029022262,LS-12 type-IV ice structuring protein,15.0
XP_023267880,LS-12 type-IV ice structuring protein,17.0
CAB1444091,hypothetical protein/uncharacterized protein,16.0
KAK2830435,hypothetical protein/uncharacterized protein,14.0
XP_031467288,apolipoprotein A-I,14.0
XP_010872092,LS-12 type-IV ice structuring protein,17.0
EAW52621,apolipoprotein A-I,7.0
XP_036946686,LS-12 type-IV ice structuring protein,19.0
XP_042362595,LS-12 type-IV ice structuring protein,17.0
XP_061675078,LS-12 type-IV ice structuring protein,16.5
XP_062292511,LS-12 type-IV ice structuring protein,18.0
XP_034056787,LS-12 type-IV ice structuring protein,15.0
XP_029919796,LS-12 type-IV ice structuring protein,21.0
XP_019723458,LS-12 type-IV ice structuring protein,21.0
XP_008298957,LS-12 type-IV ice structuring protein,16.0
KAG7235565,hypothetical protein/uncharacterized protein,22.0
XP_051245990,LS-12 type-IV ice structuring protein,21.0
XP_029975980,LS-12 type-IV ice structuring protein,18.0
XP_033949818,LS-12 type-IV ice structuring protein,14.0
KAK5883580,hypothetical protein/uncharacterized protein,16.0
XP_054461761,LS-12 type-IV ice structuring protein,20.0
MED6295270,hypothetical protein/uncharacterized protein,22.0
XP_039876018,LS-12 type-IV ice structuring protein,18.0
XP_037651526,LS-12 type-IV ice structuring protein,19.0
KAJ7991398,hypothetical protein/uncharacterized protein,14.0
XP_053857102,hypothetical protein/uncharacterized protein,18.0
XP_010744971,LS-12 type-IV ice structuring protein,18.0
XP_051926214,LS-12 type-IV ice structuring protein,26.0
CAG5885189,hypothetical protein/uncharacterized protein,14.0
XP_022603083,LS-12 type-IV ice structuring protein,17.0
XP_046274264,LS-12 type-IV ice structuring protein,19.0
XP_003643462,apolipoprotein A-I,13.0
KAK5855026,hypothetical protein/uncharacterized protein,13.0
XP_008329720,LS-12 type-IV ice structuring protein,21.0
XP_059205364,LS-12 type-IV ice structuring protein,20.0
XP_061616772,LS-12 type-IV ice structuring protein,20.0
KAK1880754,LS-12 type-IV ice structuring protein,15.0
XP_029975979,LS-12 type-IV ice structuring protein,18.0
KAF5885853,LS-12 type-IV ice structuring protein,13.0
KAG8005318,LS-12 type-IV ice structuring protein,20.0
ADU02180,LS-12 type-IV ice structuring protein,15.0
XP_041664925,LS-12 type-IV ice structuring protein,17.0
XP_033981139,LS-12 type-IV ice structuring protein,15.0
XP_047239918,LS-12 type-IV ice structuring protein,22.0
KAK0146394,LS-12 type-IV ice structuring protein,23.0
XP_020789994,LS-12 type-IV ice structuring protein,17.0
TKS88306,LS-12 type-IV ice structuring protein,19.0
XP_015420077,apolipoprotein A-I,11.0
XP_053718950,LS-12 type-IV ice structuring protein,12.5
XP_061521566,LS-12 type-IV ice structuring protein,19.0
KAI9539997,hypothetical protein/uncharacterized protein,15.0
XP_014866983,LS-12 type-IV ice structuring protein,16.0
XP_014910475,LS-12 type-IV ice structuring protein,17.0
KAF7662795,hypothetical protein/uncharacterized protein,19.0
XP_007571802,LS-12 type-IV ice structuring protein,17.0
XP_003968962,LS-12 type-IV ice structuring protein,12.0
XP_040044219,LS-12 type-IV ice structuring protein,17.0
XP_035537008,LS-12 type-IV ice structuring protein,21.0
XP_029370125,LS-12 type-IV ice structuring protein,14.0
NP_001290217,LS-12 type-IV ice structuring protein,13.0
KAF3833940,hypothetical protein/uncharacterized protein,15.0
RVE67004,hypothetical protein/uncharacterized protein,17.0
ACD62550,LS-12 type-IV ice structuring protein,12.0
XP_011479073,LS-12 type-IV ice structuring protein,19.0
KAG2462387,LS-12 type-IV ice structuring protein,9.0
XP_022069052,LS-12 type-IV ice structuring protein,20.0
XP_024155577,LS-12 type-IV ice structuring protein,16.0
PNJ57115,apolipoprotein A-II,5.0
XP_008420319,LS-12 type-IV ice structuring protein,14.0
XP_041811996,LS-12 type-IV ice structuring protein,21.0
WEV94011,LS-12 type-IV ice structuring protein,12.0
XP_031722488,LS-12 type-IV ice structuring protein,19.0
CAZ39956,LS-12 type-IV ice structuring protein,8.0
XP_032436550,LS-12 type-IV ice structuring protein,15.0
XP_034016203,LS-12 type-IV ice structuring protein,16.0
XP_033830691,LS-12 type-IV ice structuring protein,19.0
KAJ0003378,hypothetical protein/uncharacterized protein,19.0
XP_056877632,LS-12 type-IV ice structuring protein,14.0
XP_061531479,LS-12 type-IV ice structuring protein,15.0
KAJ3608972,hypothetical protein/uncharacterized protein,24.0
XP_057684108,LS-12 type-IV ice structuring protein,20.0
PNI19856,apolipoprotein A-II,5.0
XP_044304327,apolipoprotein A-I,16.0
KAI2520075,apolipoprotein A-II,4.0
XP_027891417,LS-12 type-IV ice structuring protein,14.0
XP_038142998,LS-12 type-IV ice structuring protein,19.0
CAF99350,hypothetical protein/uncharacterized protein,13.0
XP_005797452,LS-12 type-IV ice structuring protein,14.0
XP_043995354,LS-12 type-IV ice structuring protein,15.0
XP_057684363,LS-12 type-IV ice structuring protein,15.0
PWA15165,hypothetical protein/uncharacterized protein,15.0
XP_041962218,apolipoprotein C-I,18.0
XP_043908055,LS-12 type-IV ice structuring protein,19.0
XP_012730771,LS-12 type-IV ice structuring protein,19.0
XP_028836213,LS-12 type-IV ice structuring protein,19.0
XP_054854980,hypothetical protein/uncharacterized protein,18.0
XP_048116017,apolipoprotein C-I,18.0
XP_048009781,apolipoprotein A-I,11.0
KAF7652064,hypothetical protein/uncharacterized protein,19.0
XP_015235988,LS-12 type-IV ice structuring protein,18.0
KAG5270990,hypothetical protein/uncharacterized protein,18.0
KAF4103244,hypothetical protein/uncharacterized protein,13.0
XP_014384050,hypothetical protein/uncharacterized protein,13.0
XP_058474480,LS-12 type-IV ice structuring protein,20.0
XP_016140925,apolipoprotein A-I,14.0
XP_053737226,apolipoprotein C-I,20.0
NXP23937,apolipoprotein A-IV,19.0
XP_054909911,LS-12 type-IV ice structuring protein,16.0
NXG17359,apolipoprotein A-IV,20.0
XP_028837469,apolipoprotein C-I,15.0
NWQ64626,apolipoprotein A-IV,19.0
GCB85864,hypothetical protein/uncharacterized protein,15.0
XP_016387717,apolipoprotein A-I,13.0
XP_031435075,altered inheritance of mitochondria protein 3 ,12.0
GCB87238,hypothetical protein/uncharacterized protein,15.0
NXK37063,apolipoprotein A-IV,19.0
KAF6272557,hypothetical protein/uncharacterized protein,18.0
XP_012678577,apolipoprotein C-I,20.0
XP_032565339,apolipoprotein A-I,20.0
GCB86842,hypothetical protein/uncharacterized protein,12.0
ALQ33371,apolipoprotein E,22.0
KAJ0021803,hypothetical protein/uncharacterized protein,20.0
XP_033832683,apolipoprotein A-I,20.0
KYO17716,apolipoprotein A-I,19.0
XP_019336207,apolipoprotein A-I,19.0
XP_061453876,apolipoprotein C-I,15.0
KAK2907791,hypothetical protein/uncharacterized protein,13.0
KAF3690992,FYVE domain-containing protein,13.0
EDL39122,apolipoprotein A-I,10.0
AFW04082,apolipoprotein C-I,17.0
XP_049457862,LS-12 type-IV ice structuring protein,18.0
XP_012737204,apolipoprotein A-I,9.0
XP_036423215,apolipoprotein E,13.0
NXM31842,apolipoprotein A-IV,18.0
XP_040181294,apolipoprotein A-I,16.0
TRZ15881,hypothetical protein/uncharacterized protein,23.0
XP_017664980,apolipoprotein A-I,19.0
XP_027555397,apolipoprotein A-I,19.0
XP_040181291,apolipoprotein A-I,16.0
XP_027737168,apolipoprotein A-I,19.0
XP_027511455,apolipoprotein A-I,19.0
XP_051668148,apolipoprotein A-I,19.0
XP_050178916,apolipoprotein A-I,19.0
XP_021385799,apolipoprotein A-I,21.0
XP_023066998,histone-lysine N-methyltransferase 2D ,11.0
XP_023066997,histone-lysine N-methyltransferase 2D ,11.0
XP_023066996,histone-lysine N-methyltransferase 2D ,11.0
XP_023066995,histone-lysine N-methyltransferase 2D ,11.0
XP_023066994,histone-lysine N-methyltransferase 2D ,11.0
XP_023066992,histone-lysine N-methyltransferase 2D ,11.0
XP_023066990,histone-lysine N-methyltransferase 2D ,11.0
XP_023116995,apolipoprotein E,22.0
XP_029027405,apolipoprotein A-I,17.0
NXG09489,apolipoprotein A-IV,21.0
XP_016123304,apolipoprotein A-I,13.0
PIO15061,hypothetical protein/uncharacterized protein,9.0
XP_032459812,zinc finger protein 853,12.0
XP_032459811,zinc finger protein 853,12.0
BAD05173,apolipoprotein A-I,9.0
XP_034976889,apolipoprotein C-I,15.0
MED6279981,hypothetical protein/uncharacterized protein,9.0
CAH2320222,apolipoprotein A-I,9.0
XP_037393696,inactive protein kinase DDB_G0270444 ,13.0
GCB86525,hypothetical protein/uncharacterized protein,16.0
NWR85131,apolipoprotein A-IV,18.0
NWU33922,apolipoprotein A-IV,21.0
KAJ8388864,hypothetical protein/uncharacterized protein,11.0
XP_040180262,FK506-binding protein 15 ,9.0
XP_040180261,FK506-binding protein 15 ,9.0
XP_022059506,FYVE domain-containing protein,16.0
XP_042300300,hypothetical protein/uncharacterized protein,7.0
XP_041957663,zinc finger protein 853,8.0
KAJ7303976,hypothetical protein/uncharacterized protein,9.0
XP_042296259,apolipoprotein A-I,7.0
XP_024113942,apolipoprotein A-I,20.0
KAF6722395,apolipoprotein A-I,20.0
XP_059785289,apolipoprotein A-I,12.0
AEA51138,apolipoprotein A-I,20.0
XP_014384051,hypothetical protein/uncharacterized protein,13.0
KAJ8252945,hypothetical protein/uncharacterized protein,12.0
XP_041957662,basic-leucine zipper transcription factor K ,8.0
KAK3551854,hypothetical protein/uncharacterized protein,17.0
ALQ33370,apolipoprotein E,22.0
XP_048412618,aryl hydrocarbon receptor ,12.0
XP_048412609,aryl hydrocarbon receptor ,12.0
XP_015264683,cingulin protein 1 ,19.0
XP_061855342,cingulin protein 1 ,15.0
XP_061855340,cingulin protein 1 ,15.0
XP_061855339,cingulin protein 1 ,15.0
XP_061855336,cingulin protein 1 ,15.0
XP_015264682,cingulin protein 1 ,19.0
XP_015264681,cingulin protein 1 ,19.0
XP_015264680,cingulin protein 1 ,19.0
XP_023149205,FYVE domain-containing protein,15.0
MED6236728,hypothetical protein/uncharacterized protein,9.0
XP_053253801,apolipoprotein C-I,14.0
XP_023817225,apolipoprotein A-I,24.0
XP_057936927,apolipoprotein A-I,18.0
XP_051842987,apolipoprotein A-I,12.0
AKG51679,apolipoprotein A-I,24.0
NXQ06013,apolipoprotein A-IV,21.0
XP_023817224,apolipoprotein A-I,24.0
XP_039535277,apolipoprotein C-I,17.0
XP_023817222,apolipoprotein A-I,24.0
NXH54922,apolipoprotein A-IV,22.0
NXW57078,apolipoprotein A-IV,20.0
NXM74533,apolipoprotein A-IV,18.0
XP_027595046,apolipoprotein A-I,19.0
CAI9542239,hypothetical protein/uncharacterized protein,16.0
XP_053819605,apolipoprotein A-I,21.0
KAK2903092,hypothetical protein/uncharacterized protein,11.0
XP_062279115,hypothetical protein/uncharacterized protein,16.0
XP_041039920,aryl hydrocarbon receptor ,10.1
XP_053079777,uveal autoantigen,19.0
XP_026923465,uveal autoantigen,19.0
XP_014926880,uveal autoantigen,19.0
XP_026923464,uveal autoantigen,19.0
PNI19859,apolipoprotein A-II,9.0
PNJ57118,apolipoprotein A-II,9.0
EAW52618,apolipoprotein A-I,9.0
XP_013880240,plectin ,12.0
XP_059423762,apolipoprotein E,16.0
XP_038132243,apolipoprotein A-I,9.0
XP_015227352,apolipoprotein A-I,9.0
XP_019797580,apolipoprotein A-I,11.0
NIG60960,apolipoprotein A-I,11.0
XP_060642963,apolipoprotein A-I,10.0
XP_028315474,hypothetical protein/uncharacterized protein,16.0
CAJ0963569,hypothetical protein/uncharacterized protein,18.0
NWU17089,apolipoprotein A-IV,20.0
NXC26574,apolipoprotein A-IV,18.0
NXB11612,apolipoprotein A-IV,21.0
XP_031455739,apolipoprotein A-I,18.0
XP_056123622,apolipoprotein C-I,17.0
XP_003496538,epidermal growth factor receptor substrate 15,14.0
TMS18294,hypothetical protein/uncharacterized protein,19.0
ERE83405,epidermal growth factor receptor substrate 15,14.0
XP_027258249,epidermal growth factor receptor substrate 15,14.0
ERE83406,epidermal growth factor receptor substrate 15,14.0
XP_027258248,epidermal growth factor receptor substrate 15,14.0
XP_057228104,cingulin protein 1 ,16.0
XP_057228102,cingulin protein 1 ,16.0
XP_017593872,apolipoprotein A-I,20.0
XP_029132238,actin cytoskeleton-regulatory complex protein pan1 ,13.0
NXH78485,apolipoprotein A-IV,15.0
XP_017581056,apolipoprotein E,12.0
XP_026230177,apolipoprotein A-I,15.0
XP_051520672,apolipoprotein E,11.0
RVE64361,hypothetical protein/uncharacterized protein,19.0
KAJ3587725,hypothetical protein/uncharacterized protein,9.0
EDL94612,apolipoprotein A-I,9.0
NXR65394,apolipoprotein A-IV,20.0
NXM23214,apolipoprotein A-IV,21.0
XP_054503281,apolipoprotein A-I,22.0
XP_040181293,apolipoprotein A-I,15.0
XP_036253245,apolipoprotein A-I,22.0
NP_001008099,apolipoprotein A-I,8.0
XP_054147494,apolipoprotein A-I,22.0
KAG1947580,apolipoprotein C-I,17.0
KAE8592551,hypothetical protein/uncharacterized protein,8.0
XP_051811450,apolipoprotein E,17.0
XP_038189907,epidermal growth factor receptor substrate 15,13.0
XP_038189906,epidermal growth factor receptor substrate 15,13.0
XP_039908759,FYVE domain-containing protein,13.0
XP_026015714,FYVE domain-containing protein,13.0
XP_005951466,FYVE domain-containing protein,13.0
XP_039908755,FYVE domain-containing protein,13.0
XP_004555087,FYVE domain-containing protein,13.0
XP_042072126,FYVE domain-containing protein,13.0
XP_026015713,FYVE domain-containing protein,13.0
XP_026015712,FYVE domain-containing protein,13.0
XP_024246840,apolipoprotein C-I,15.0
AMJ50238,apolipoprotein C-I,16.0
XP_061453871,apolipoprotein A-I,10.0
XP_042345184,apolipoprotein A-I,9.0
XP_048044039,apolipoprotein A-I,18.0
XP_055055768,apolipoprotein A-I,18.0
XP_007461913,apolipoprotein A-I,11.0
XP_036718614,apolipoprotein A-I,11.0
XP_022414830,apolipoprotein A-I,11.0
KAJ8780098,hypothetical protein/uncharacterized protein,11.0
XP_059960636,apolipoprotein A-I,11.0
MBW04313,apolipoprotein A-I,11.0
XP_007196619,apolipoprotein A-I,11.0
XP_030691096,apolipoprotein A-I,11.0
XP_058926176,apolipoprotein A-I,11.0
XP_004273413,apolipoprotein A-I,11.0
XP_026937662,apolipoprotein A-I,11.0
XP_053222277,apolipoprotein A-I,8.0
XP_033027503,apolipoprotein A-I,9.0
KAG7457709,hypothetical protein/uncharacterized protein,12.0
NXQ56266,apolipoprotein A-IV,20.0
NXB38799,apolipoprotein A-IV,20.0
NWW34336,apolipoprotein A-IV,20.0
NXB14992,apolipoprotein A-IV,20.0
XP_031989669,apolipoprotein A-I,20.0
XP_039941168,apolipoprotein A-I,20.0
XP_041890065,apolipoprotein A-I,20.0
XP_056399276,apolipoprotein A-I,15.0
XP_030146657,apolipoprotein A-I,20.0
RMB91943,hypothetical protein/uncharacterized protein,20.0
KAB0396154,hypothetical protein/uncharacterized protein,11.0
KAF6272550,hypothetical protein/uncharacterized protein,20.0
XP_049327933,golgin subfamily A member 6 protein 7 ,15.0
XP_051948277,apolipoprotein E,10.0
TKC38668,hypothetical protein/uncharacterized protein,11.0
XP_060035675,mastermind protein 2 ,12.0
XP_060035673,mastermind protein 2 ,12.0
XP_060474125,uveal autoantigen,19.0
XP_030173657,uveal autoantigen,19.0
NWV63887,CGNL1 protein ,16.0
ACI15894,apolipoprotein C-I,21.0
XP_032449502,uveal autoantigen,19.0
XP_043409961,uveal autoantigen,19.0
XP_060474124,uveal autoantigen,19.0
XP_040349061,uveal autoantigen,19.0
XP_058593196,uveal autoantigen,19.0
XP_049469772,uveal autoantigen,19.0
XP_042797470,uveal autoantigen,19.0
XP_047718607,uveal autoantigen,19.0
XP_025774614,uveal autoantigen,19.0
XP_046930391,uveal autoantigen,19.0
XP_019297162,uveal autoantigen,19.0
XP_060474123,uveal autoantigen,19.0
XP_040349060,uveal autoantigen,19.0
XP_007084619,uveal autoantigen,19.0
XP_058593195,uveal autoantigen,19.0
XP_043409960,uveal autoantigen,19.0
XP_047718606,uveal autoantigen,19.0
XP_040349059,uveal autoantigen,19.0
XP_025774613,uveal autoantigen,19.0
XP_060474122,uveal autoantigen,19.0
XP_042844428,uveal autoantigen,19.0
XP_043409959,uveal autoantigen,19.0
XP_046930390,uveal autoantigen,19.0
XP_049469771,uveal autoantigen,19.0
XP_058593193,uveal autoantigen,19.0
XP_019297161,uveal autoantigen,19.0
XP_042797469,uveal autoantigen,19.0
KAG8452374,hypothetical protein/uncharacterized protein,11.0
XP_036393859,apolipoprotein C-I,14.0
XP_020360175,apolipoprotein C-I,15.0
KAF6272554,hypothetical protein/uncharacterized protein,20.0
XP_062846081,apolipoprotein A-I,15.0
KAF6272553,hypothetical protein/uncharacterized protein,20.0
XP_034024651,apolipoprotein A-I,15.0
KAH0631634,hypothetical protein/uncharacterized protein,8.0
BAK09328,apolipoprotein A-I,8.0
XP_014876005,apolipoprotein A-I,7.0
XP_054903311,apolipoprotein A-I,7.0
XP_058250302,apolipoprotein A-I,19.0
AWP21467,apolipoprotein A-I,15.0
ACI15890,apolipoprotein A-I,18.0
XP_053176903,apolipoprotein A-I,16.0
AFM86408,apolipoprotein E,14.0
XP_051233621,hypothetical protein/uncharacterized protein,12.0
KAI9535681,hypothetical protein/uncharacterized protein,14.0
XP_035476767,apolipoprotein A-I,15.0
XP_020649396,apolipoprotein A-I,7.0
XP_047217777,apolipoprotein A-I,9.0
XP_036284605,apolipoprotein E,20.0
KAF6272552,hypothetical protein/uncharacterized protein,20.0
NXA89264,apolipoprotein A-IV,20.0
NXM38291,apolipoprotein A-IV,20.0
XP_013815598,polyamine-modulated factor 1-binding protein 1 ,11.0
XP_032122441,zinc finger protein 853,9.0
XP_032122440,zinc finger protein 853,9.0
XP_032122439,zinc finger protein 853,9.0
XP_029331862,epidermal growth factor receptor substrate 15,13.0
XP_029395508,epidermal growth factor receptor substrate 15,13.0
XP_039579841,transforming acidic coiled-coil-containing protein 3 ,14.0
XP_029331861,epidermal growth factor receptor substrate 15,13.0
XP_021016279,epidermal growth factor receptor substrate 15,13.0
XP_021055283,epidermal growth factor receptor substrate 15,13.0
XP_039579840,transforming acidic coiled-coil-containing protein 3 ,14.0
XP_029442424,cell cycle and apoptosis regulator protein 2  ,16.0
XP_029395507,epidermal growth factor receptor substrate 15,13.0
XP_049581731,epidermal growth factor receptor substrate 15,10.0
NXU87855,TMF1 factor ,19.0
XP_053182894,apolipoprotein C-I,17.0
XP_049581735,epidermal growth factor receptor substrate 15,10.0
XP_049581734,epidermal growth factor receptor substrate 15,10.0
CAJ1083421,LS-12 type-IV ice structuring protein,12.0
XP_045305199,uveal autoantigen,19.0
XP_045305198,uveal autoantigen,19.0
XP_045305197,uveal autoantigen,19.0
KAK5870171,hypothetical protein/uncharacterized protein,15.0
XP_055766456,interferon-induced very large GTPase 1 ,10.0
XP_058602057,apolipoprotein C-I,19.0
XP_050986758,apolipoprotein C-I,16.0
AHM88282,apolipoprotein C-I,18.0
MBN3313757,apolipoprotein C-I,13.0
KAG5856206,hypothetical protein/uncharacterized protein,8.0
XP_035278735,apolipoprotein A-I,8.0
XP_017325898,apolipoprotein A-I,21.0
XP_053486006,apolipoprotein A-I,21.0
XP_034153668,apolipoprotein A-I,21.0
KAK3551852,hypothetical protein/uncharacterized protein,19.0
XP_035278702,apolipoprotein A-I,8.0
KAB5587148,hypothetical protein/uncharacterized protein,21.0
XP_060726804,apolipoprotein A-I,18.0
XP_060726799,apolipoprotein A-I,18.0
XP_060726803,apolipoprotein A-I,18.0
XP_035278677,apolipoprotein A-I,8.0
XP_057903177,apolipoprotein E,14.0
XP_042270493,apolipoprotein A-I,15.0
XP_020039910,apolipoprotein A-I,10.0
XP_017286149,apolipoprotein A-I,20.0
XP_061919928,apolipoprotein E,18.0
XP_033976481,apolipoprotein E,18.0
XP_062816985,apolipoprotein A-I,10.0
XP_029959175,apolipoprotein E,15.0
XP_057903176,apolipoprotein E,14.0
KAG5856212,hypothetical protein/uncharacterized protein,8.0
NWT58691,apolipoprotein A-IV,19.0
NXJ22097,apolipoprotein A-IV,20.0
NXB59604,apolipoprotein A-IV,20.0
NXH29452,apolipoprotein A-IV,20.0
NXF72219,apolipoprotein A-IV,17.0
NP_001088004,apolipoprotein A-IV,17.0
XP_004666471,apolipoprotein A-I,17.0
XP_005347315,apolipoprotein A-I,9.0
XP_050012327,apolipoprotein A-I,8.0
XP_030399901,zinc finger protein RFP ,12.0
XP_028722331,apolipoprotein A-I,9.0
XP_007605980,guanylate-binding protein 1 ,13.0
XP_050777254,E3 ubiquitin-protein ligase TRIM39 ,12.0
XP_050777253,E3 ubiquitin-protein ligase TRIM39 ,12.0
XP_050777252,zinc finger protein RFP ,12.0
XP_030399899,zinc finger protein RFP ,12.0
OBS60535,hypothetical protein/uncharacterized protein,13.0
XP_030399898,zinc finger protein RFP ,12.0
XP_050777251,zinc finger protein RFP ,12.0
XP_034053575,LOW QUALITY PROTEIN: structural maintenance of chromosomes protein 6 ,10.0
XP_048309327,epidermal growth factor receptor substrate 15,13.0
XP_014651089,zinc finger protein 853,9.0
XP_058425315,zinc finger protein 853,9.0
KAF5918273,hypothetical protein/uncharacterized protein,9.0
XP_030788069,zinc finger protein 853,12.0
XP_030788068,zinc finger protein 853,12.0
XP_036683177,zinc finger protein 853,10.0
XP_036683176,zinc finger protein 853,10.0
XP_017720242,zinc finger protein 853,12.0
XP_013203996,epidermal growth factor receptor substrate 15,13.0
XP_041507609,epidermal growth factor receptor substrate 15,13.0
XP_031234024,epidermal growth factor receptor substrate 15,13.0
XP_005353631,epidermal growth factor receptor substrate 15,13.0
XP_041507608,epidermal growth factor receptor substrate 15,13.0
XP_031234023,epidermal growth factor receptor substrate 15,13.0
XP_013203995,epidermal growth factor receptor substrate 15,13.0
XP_041507607,epidermal growth factor receptor substrate 15,13.0
XP_031234022,epidermal growth factor receptor substrate 15,13.0
KAH0519785,Epidermal growth factor receptor substrate 15 ,13.0
XP_030001953,hyaluronan mediated motility receptor ,8.0
XP_030001952,hyaluronan mediated motility receptor ,8.0
XP_030001951,hyaluronan mediated motility receptor ,8.0
XP_008406110,epidermal growth factor receptor substrate 15,9.0
XP_008406109,epidermal growth factor receptor substrate 15,9.0
XP_008406108,epidermal growth factor receptor substrate 15,9.0
XP_008406105,epidermal growth factor receptor substrate 15,9.0
XP_008406104,epidermal growth factor receptor substrate 15,9.0
TSN67096,ELM2 and SANT domain-containing protein 1 ,12.0
NWH30370,CGNL1 protein ,14.0
XP_061435657,ataxin-8 partial ,12.0
VFV41588,uveal autoantigen,19.0
XP_006800522,FYVE domain-containing protein,14.0
XP_026200156,FYVE domain-containing protein,13.0
CAJ1083420,LS-12 type-IV ice structuring protein,12.0
XP_037549093,plectin ,21.0
XP_053312005,histone-lysine N-methyltransferase 2D ,11.0
XP_041440687,histone-lysine N-methyltransferase 2D ,11.0
XP_018931191,apolipoprotein C-I,18.0
XP_016376177,apolipoprotein C-I,16.0
